{"cameraMode":{"drawMode":0,"name":"Shaded","section":"Shading Mode"},"sceneLighting":false,"audioPlay":false,"sceneViewState":{"m_AlwaysRefresh":false,"showFog":true,"showSkybox":true,"showFlares":true,"showImageEffects":true,"showParticleSystems":true,"showVisualEffectGraphs":true,"m_FxEnabled":true},"in2DMode":false,"pivot":{"x":3.408811569213867,"y":6.422007083892822,"z":-31.832815170288087},"rotation":{"x":-0.4049582779407501,"y":0.34228700399398806,"z":-0.16674308478832246,"w":-0.8312917947769165},"size":0.20915736258029939,"orthographic":false}